reason,id,score
flag_text,69/47054261369.jpg,0.9999885559082031
flag_text,03/49683319003.jpg,0.9999878406524658
flag_text,19/43887502619.jpg,0.9999651908874512
flag_text,91/44442113091.jpg,0.9999607801437378
flag_text,70/52498942070.jpg,0.9999548196792603
flag_text,90/44681914190.jpg,0.9999532699584961
flag_text,51/44250938251.jpg,0.9999490976333618
flag_text,98/50690054798.jpg,0.9999308586120605
flag_text,46/46685252146.jpg,0.9999151229858398
flag_text,94/50046669194.jpg,0.9999070167541504
flag_text,43/45444355443.jpg,0.9999016523361206
flag_text,26/44882026926.jpg,0.999901533126831
flag_text,75/51043297475.jpg,0.9998877048492432
flag_text,78/52120568178.jpg,0.9998856782913208
flag_text,03/44071067003.jpg,0.9998788833618164
flag_text,27/48833196727.jpg,0.9998728036880493
flag_text,43/46310331143.jpg,0.9998668432235718
flag_text,25/52147599025.jpg,0.9998652935028076
flag_text,28/45080131728.jpg,0.9998623132705688
flag_text,11/48866216111.jpg,0.9998610019683838
flag_text,04/47036949604.jpg,0.9998548030853271
flag_text,74/52423968174.jpg,0.999852180480957
flag_text,72/47117616172.jpg,0.9998515844345093
flag_text,38/46042579738.jpg,0.9998420476913452
flag_text,38/45749076238.jpg,0.9998341798782349
flag_text,51/48332314951.jpg,0.9998319149017334
flag_text,51/46497479951.jpg,0.9998302459716797
flag_text,85/45399201285.jpg,0.9998296499252319
flag_text,65/46465146065.jpg,0.9998295307159424
flag_text,37/49385196137.jpg,0.9998249411582947
flag_text,07/49548852907.jpg,0.9998247027397156
flag_text,84/40955829684.jpg,0.9998238682746887
flag_text,02/41708425602.jpg,0.9998238682746887
flag_text,39/46119414839.jpg,0.9998140931129456
flag_text,92/46267901492.jpg,0.9998140931129456
flag_text,62/47984298162.jpg,0.9997933506965637
flag_text,33/48130866433.jpg,0.9997929930686951
flag_text,11/44645272611.jpg,0.9997819066047668
flag_text,57/44903921657.jpg,0.9997811913490295
flag_text,79/44028470379.jpg,0.9997804760932922
flag_watermark,83/44785918183.jpg,0.9999148845672607
flag_watermark,40/44786773740.jpg,0.9999148845672607
flag_watermark,96/44435084296.jpg,0.9996745586395264
flag_watermark,44/45940773444.jpg,0.9995524287223816
flag_watermark,54/45196188154.jpg,0.9994069337844849
flag_watermark,50/44096727550.jpg,0.9993460774421692
flag_watermark,93/45381692693.jpg,0.9993211030960083
flag_watermark,88/44785859988.jpg,0.9992536902427673
flag_watermark,86/44681944186.jpg,0.9991349577903748
flag_watermark,57/44787471157.jpg,0.9991135001182556
flag_watermark,15/51643835515.jpg,0.9990904331207275
flag_watermark,55/47478347855.jpg,0.998997151851654
flag_watermark,81/49538034381.jpg,0.9988189339637756
flag_watermark,22/44487351022.jpg,0.9987670183181763
flag_watermark,83/46016963783.jpg,0.9985887408256531
flag_watermark,43/49006542343.jpg,0.9985778331756592
flag_watermark,52/44168645852.jpg,0.9985077977180481
flag_watermark,74/48677341474.jpg,0.9984667897224426
flag_watermark,95/44063853095.jpg,0.9984666109085083
flag_watermark,38/46042579738.jpg,0.9983854293823242
flag_watermark,69/43845375169.jpg,0.9983628392219543
flag_watermark,14/47127981714.jpg,0.9982814788818359
flag_watermark,12/46504770812.jpg,0.9981502294540405
flag_watermark,80/48260681280.jpg,0.998111367225647
flag_watermark,78/44966515678.jpg,0.9980860948562622
flag_watermark,39/52065173139.jpg,0.9980390667915344
flag_watermark,60/44788314660.jpg,0.99791020154953
flag_watermark,81/49274784781.jpg,0.9979094862937927
flag_watermark,00/44166121800.jpg,0.997802197933197
flag_watermark,55/52287385355.jpg,0.9977542757987976
flag_watermark,77/52776488577.jpg,0.9975119829177856
flag_watermark,18/50533583418.jpg,0.9975060820579529
flag_watermark,48/52873484248.jpg,0.9974979758262634
flag_watermark,73/52677585873.jpg,0.9974742531776428
flag_watermark,33/46619108533.jpg,0.9974602460861206
flag_watermark,96/52468345696.jpg,0.997200608253479
flag_watermark,86/52311231686.jpg,0.9971365928649902
flag_watermark,82/44788248482.jpg,0.9971309900283813
flag_watermark,43/44787467143.jpg,0.9970799088478088
flag_watermark,21/48929604921.jpg,0.9970370531082153
flag_people,60/45401450860.jpg,0.999998927116394
flag_people,17/44829879517.jpg,0.9999984502792358
flag_people,12/52839632812.jpg,0.9999978542327881
flag_people,09/52783682709.jpg,0.9999974966049194
flag_people,13/45321207613.jpg,0.9999963045120239
flag_people,05/51704891505.jpg,0.9999961853027344
flag_people,27/43580955827.jpg,0.9999947547912598
flag_people,00/44417634900.jpg,0.9999935626983643
flag_people,35/52882235035.jpg,0.9999929666519165
flag_people,87/52673916187.jpg,0.9999927282333374
flag_people,85/49561440585.jpg,0.9999880790710449
flag_people,58/51889244358.jpg,0.999984622001648
flag_people,80/52738605280.jpg,0.9999845027923584
flag_people,22/48914104322.jpg,0.9999821186065674
flag_people,82/51631071182.jpg,0.9999817609786987
flag_people,21/46941304221.jpg,0.9999810457229614
flag_people,21/45574589021.jpg,0.9999809265136719
flag_people,72/44801742172.jpg,0.9999713897705078
flag_people,56/51215670456.jpg,0.9999692440032959
flag_people,55/45716849155.jpg,0.9999674558639526
flag_people,69/44649935869.jpg,0.9999585151672363
flag_people,94/49712914694.jpg,0.9999532699584961
flag_people,11/44990028911.jpg,0.9999502897262573
flag_people,79/46834650079.jpg,0.9999421834945679
flag_people,39/44999609139.jpg,0.9999406337738037
flag_people,76/50018270076.jpg,0.9999375343322754
flag_people,08/44578585308.jpg,0.9999246597290039
flag_people,52/50056052952.jpg,0.9999164342880249
flag_people,12/37597566212.jpg,0.9999059438705444
flag_people,80/50933801380.jpg,0.9999048709869385
flag_people,35/52538041035.jpg,0.9999018907546997
flag_people,13/49995000713.jpg,0.9999018907546997
flag_people,10/52535648210.jpg,0.9999018907546997
flag_people,26/50476735326.jpg,0.9998985528945923
flag_people,13/44094160113.jpg,0.9998939037322998
flag_people,17/44095049717.jpg,0.9998939037322998
flag_people,76/52422796276.jpg,0.9998847246170044
flag_people,47/52815774547.jpg,0.9998840093612671
flag_people,79/49308459879.jpg,0.9998819828033447
flag_people,60/48744705960.jpg,0.9998770952224731
flag_night,72/44693108272.jpg,0.9999580383300781
flag_night,83/51375687583.jpg,0.9999573230743408
flag_night,13/49754038513.jpg,0.9999485015869141
flag_night,99/49721098499.jpg,0.9999446868896484
flag_night,29/50026081029.jpg,0.9999203681945801
flag_night,07/52268544307.jpg,0.9999192953109741
flag_night,08/52148701208.jpg,0.999914288520813
flag_night,45/49168037445.jpg,0.9999061822891235
flag_night,40/45256436540.jpg,0.9998968839645386
flag_night,50/48652376250.jpg,0.999895453453064
flag_night,35/51427775335.jpg,0.9998914003372192
flag_night,75/51859696075.jpg,0.9998685121536255
flag_night,11/47678232711.jpg,0.9998468160629272
flag_night,33/51795171033.jpg,0.9998302459716797
flag_night,15/45144295815.jpg,0.9998206496238708
flag_night,70/52292069970.jpg,0.9998157620429993
flag_night,97/36300068297.jpg,0.9998080134391785
flag_night,52/48848032352.jpg,0.9998050332069397
flag_night,24/49135101224.jpg,0.9997876286506653
flag_night,01/52915732001.jpg,0.9997721314430237
flag_night,48/47531596548.jpg,0.9997687935829163
flag_night,47/51305267247.jpg,0.9997374415397644
flag_night,81/49195837181.jpg,0.9997279047966003
flag_night,67/43811372467.jpg,0.9997246861457825
flag_night,88/14095346788.jpg,0.9997228980064392
flag_night,92/45201985392.jpg,0.9997066855430603
flag_night,17/42531926517.jpg,0.9997040629386902
flag_night,21/50995657821.jpg,0.9996994733810425
flag_night,87/44172096687.jpg,0.9996950626373291
flag_night,72/50476362772.jpg,0.9996867179870605
flag_night,61/47408930261.jpg,0.9996834993362427
flag_night,87/47178366287.jpg,0.9996806383132935
flag_night,60/44837734960.jpg,0.9996339082717896
flag_night,92/44563374092.jpg,0.9996334314346313
flag_night,70/48338220070.jpg,0.999619722366333
flag_night,48/43984506748.jpg,0.9995799660682678
flag_night,33/49654943033.jpg,0.9995747208595276
flag_night,26/40124786326.jpg,0.9995282888412476
flag_night,06/46717683906.jpg,0.9995160102844238
flag_night,84/48716255684.jpg,0.9995146989822388
flag_mirror,80/46907119080.jpg,0.9999854564666748
flag_mirror,18/50925091218.jpg,0.9999730587005615
flag_mirror,26/43735125526.jpg,0.9999657869338989
flag_mirror,05/52717229505.jpg,0.9999570846557617
flag_mirror,50/44069464950.jpg,0.9999568462371826
flag_mirror,45/47212547345.jpg,0.9999533891677856
flag_mirror,72/49921129172.jpg,0.9999533891677856
flag_mirror,03/47124787903.jpg,0.9999517202377319
flag_mirror,93/50068574993.jpg,0.9999487400054932
flag_mirror,09/43941453709.jpg,0.9999459981918335
flag_mirror,89/43907645189.jpg,0.9999434947967529
flag_mirror,36/43908080836.jpg,0.9999434947967529
flag_mirror,02/49827433702.jpg,0.9999406337738037
flag_mirror,23/46967870723.jpg,0.9999403953552246
flag_mirror,99/48134094699.jpg,0.9999349117279053
flag_mirror,06/44039136806.jpg,0.9999333620071411
flag_mirror,39/44749780239.jpg,0.999932050704956
flag_mirror,69/44017927069.jpg,0.9999282360076904
flag_mirror,67/44411511667.jpg,0.9999271631240845
flag_mirror,95/44937809895.jpg,0.9999258518218994
flag_mirror,08/47301260408.jpg,0.9999252557754517
flag_mirror,04/44872032904.jpg,0.9999247789382935
flag_mirror,47/43852644247.jpg,0.9999232292175293
flag_mirror,93/44305618593.jpg,0.9999203681945801
flag_mirror,26/49039429526.jpg,0.9999184608459473
flag_mirror,10/45937574810.jpg,0.9999184608459473
flag_mirror,73/50706369873.jpg,0.9999151229858398
flag_mirror,23/49926051923.jpg,0.9999110698699951
flag_mirror,10/44633945810.jpg,0.9999080896377563
flag_mirror,90/51324141390.jpg,0.9999068975448608
flag_mirror,27/40065756827.jpg,0.9999055862426758
flag_mirror,56/38370104056.jpg,0.9999052286148071
flag_mirror,01/51535622801.jpg,0.999904990196228
flag_mirror,28/52286698328.jpg,0.999904990196228
flag_mirror,80/47672101680.jpg,0.9999046325683594
flag_mirror,77/50192496577.jpg,0.9998977184295654
flag_mirror,72/47117616172.jpg,0.9998941421508789
flag_mirror,41/50050004641.jpg,0.9998928308486938
flag_mirror,50/47211436750.jpg,0.9998892545700073
flag_mirror,49/44322020549.jpg,0.9998834133148193
flag_screen,29/44201975529.jpg,0.999984860420227
flag_screen,38/46042579738.jpg,0.9999722242355347
flag_screen,73/42256025673.jpg,0.9999570846557617
flag_screen,75/50858759875.jpg,0.9999270439147949
flag_screen,62/44533464562.jpg,0.9999244213104248
flag_screen,46/45670782446.jpg,0.9999040365219116
flag_screen,68/50304959468.jpg,0.9998611211776733
flag_screen,53/45309617653.jpg,0.9997060894966125
flag_screen,37/52035998437.jpg,0.999416708946228
flag_screen,61/50703541261.jpg,0.999416708946228
flag_screen,56/50757628856.jpg,0.9994012117385864
flag_screen,55/43862142855.jpg,0.9992550015449524
flag_screen,42/42255104842.jpg,0.9991863369941711
flag_screen,34/47653962134.jpg,0.9990912675857544
flag_screen,12/46504770812.jpg,0.9990436434745789
flag_screen,21/51188398121.jpg,0.9988763928413391
flag_screen,28/50511919128.jpg,0.9988532066345215
flag_screen,79/42254652779.jpg,0.9988362193107605
flag_screen,00/50758242400.jpg,0.9987251162528992
flag_screen,71/52291980271.jpg,0.9985029697418213
flag_screen,47/42255150047.jpg,0.998359739780426
flag_screen,55/48404307655.jpg,0.9983012676239014
flag_screen,19/51735904219.jpg,0.9981862902641296
flag_screen,31/42254643431.jpg,0.9981043338775635
flag_screen,98/50206525798.jpg,0.9979968667030334
flag_screen,43/44387226243.jpg,0.9978001713752747
flag_screen,86/44681944186.jpg,0.9977983832359314
flag_screen,87/43846080587.jpg,0.997624933719635
flag_screen,83/42256015283.jpg,0.9976226687431335
flag_screen,26/42255105426.jpg,0.9976226687431335
flag_screen,80/47270136180.jpg,0.997552216053009
flag_screen,69/52907894269.jpg,0.9975336790084839
flag_screen,54/52082188054.jpg,0.9973002076148987
flag_screen,38/51767238038.jpg,0.9973002076148987
flag_screen,05/48158120405.jpg,0.9972375631332397
flag_screen,70/45395487070.jpg,0.9970141649246216
flag_screen,10/42254621410.jpg,0.9969701766967773
flag_screen,57/45760571257.jpg,0.9966583251953125
flag_screen,42/45134326242.jpg,0.9966384172439575
flag_screen,75/45131915975.jpg,0.9966384172439575
worst_musiq,57/52499857857.jpg,12.645206451416016
worst_musiq,20/52912026920.jpg,17.607450485229492
worst_musiq,86/49273927486.jpg,19.023069381713867
worst_musiq,52/49508313352.jpg,19.084733963012695
worst_musiq,10/43910387110.jpg,19.619495391845703
worst_musiq,23/51685482623.jpg,20.733707427978516
worst_musiq,64/44068710764.jpg,20.998870849609375
worst_musiq,47/52802813847.jpg,23.121118545532227
worst_musiq,62/45801911962.jpg,23.867883682250977
worst_musiq,76/49144965176.jpg,25.101806640625
worst_musiq,69/52830224369.jpg,26.68683624267578
worst_musiq,70/45492849570.jpg,26.899978637695312
worst_musiq,19/45117874919.jpg,28.186450958251953
worst_musiq,57/52646498957.jpg,28.27198028564453
worst_musiq,80/44866172480.jpg,28.30841827392578
worst_musiq,49/44590805149.jpg,28.529693603515625
worst_musiq,46/44880247346.jpg,28.654422760009766
worst_musiq,66/44736080866.jpg,28.668140411376953
worst_musiq,54/48927752954.jpg,28.959747314453125
worst_musiq,31/52089300131.jpg,29.253747940063477
worst_musiq,95/44449725295.jpg,29.843994140625
worst_musiq,02/51609560502.jpg,31.038122177124023
worst_musiq,67/51436294767.jpg,31.05640411376953
worst_musiq,83/44391054483.jpg,31.502351760864258
worst_musiq,38/46391892938.jpg,31.650691986083984
worst_musiq,26/43877932426.jpg,31.662002563476562
worst_musiq,59/45899992059.jpg,31.671762466430664
worst_musiq,39/47230347439.jpg,31.826440811157227
worst_musiq,02/29895389902.jpg,32.47331237792969
worst_musiq,21/50167777921.jpg,32.709197998046875
worst_musiq,91/50427834091.jpg,32.96459197998047
worst_musiq,53/48509486053.jpg,32.985496520996094
worst_musiq,25/29226358625.jpg,33.27078628540039
worst_musiq,73/43737777873.jpg,33.92853546142578
worst_musiq,95/43384742195.jpg,34.02992630004883
worst_musiq,21/43383787421.jpg,34.02992630004883
worst_musiq,33/43383845533.jpg,34.02992630004883
worst_musiq,60/45980312560.jpg,34.158382415771484
worst_musiq,56/50552704356.jpg,34.19624328613281
worst_musiq,74/45536992674.jpg,34.88924026489258
most_blocky,16/52049594816.jpg,9.83376407623291
most_blocky,71/52049576471.jpg,9.83376407623291
most_blocky,53/48930491753.jpg,4.689589977264404
most_blocky,02/52416248602.jpg,4.599828720092773
most_blocky,10/43077343910.jpg,4.203675270080566
most_blocky,44/46018595244.jpg,3.9818036556243896
most_blocky,07/43725382907.jpg,3.3641157150268555
most_blocky,51/24526571551.jpg,2.9437472820281982
most_blocky,93/46930547793.jpg,2.9384422302246094
most_blocky,54/44260246054.jpg,2.7476649284362793
most_blocky,66/45097843366.jpg,2.6847751140594482
most_blocky,66/45317982066.jpg,2.605118989944458
most_blocky,35/51730584435.jpg,2.5591928958892822
most_blocky,56/52918948356.jpg,2.543762683868408
most_blocky,20/45438781520.jpg,2.462034225463867
most_blocky,20/45071556620.jpg,2.45373797416687
most_blocky,85/44794103485.jpg,2.418621301651001
most_blocky,13/51207092013.jpg,2.3739075660705566
most_blocky,26/42255105426.jpg,2.3284590244293213
most_blocky,83/42256015283.jpg,2.3284590244293213
most_blocky,30/49219361830.jpg,2.32120418548584
most_blocky,50/46932063550.jpg,2.295792818069458
most_blocky,32/44658727932.jpg,2.2923545837402344
most_blocky,29/50094685129.jpg,2.251467704772949
most_blocky,75/49412250375.jpg,2.2486610412597656
most_blocky,82/46932056082.jpg,2.2407033443450928
most_blocky,65/44657549965.jpg,2.2394497394561768
most_blocky,24/48125415924.jpg,2.2202913761138916
most_blocky,02/45709484002.jpg,2.2018446922302246
most_blocky,49/45080837349.jpg,2.188695192337036
most_blocky,48/47869723048.jpg,2.165022134780884
most_blocky,85/49271892785.jpg,2.157315731048584
most_blocky,99/43906300799.jpg,2.1495909690856934
most_blocky,39/50961783839.jpg,2.1485183238983154
most_blocky,10/46239059310.jpg,2.1456968784332275
most_blocky,13/43919547913.jpg,2.1388192176818848
most_blocky,90/49020244590.jpg,2.1271588802337646
most_blocky,88/45249575288.jpg,2.1219658851623535
most_blocky,96/44030155796.jpg,2.1047937870025635
most_blocky,50/48443999250.jpg,2.0913734436035156
tiny_images,67/44068779367.jpg,1.0
tiny_images,39/47230347439.jpg,132.0
tiny_images,57/51515328157.jpg,146.0
tiny_images,73/51258030273.jpg,150.0
tiny_images,09/48603110809.jpg,156.0
tiny_images,00/45399500400.jpg,156.0
tiny_images,11/46975413311.jpg,156.0
tiny_images,21/52869081021.jpg,160.0
tiny_images,83/44391054483.jpg,166.0
tiny_images,99/43723004999.jpg,175.0
tiny_images,74/49443031274.jpg,178.0
tiny_images,02/51014246002.jpg,180.0
tiny_images,05/47547520405.jpg,180.0
tiny_images,79/50532414579.jpg,189.0
tiny_images,35/45072730535.jpg,192.0
tiny_images,43/44012030843.jpg,200.0
tiny_images,13/50806903913.jpg,200.0
tiny_images,36/44448942936.jpg,200.0
tiny_images,37/45098330937.jpg,200.0
tiny_images,35/51790406335.jpg,207.0
tiny_images,07/47307440307.jpg,208.0
tiny_images,51/52853246651.jpg,208.0
tiny_images,94/50790431394.jpg,208.0
tiny_images,31/52951490131.jpg,208.0
tiny_images,62/47483720562.jpg,208.0
tiny_images,66/48267043766.jpg,208.0
tiny_images,82/49512323082.jpg,208.0
tiny_images,82/49899142182.jpg,208.0
tiny_images,65/44701561265.jpg,208.0
tiny_images,06/50733942206.jpg,208.0
tiny_images,41/49405813641.jpg,209.0
tiny_images,47/44190852247.jpg,210.0
tiny_images,42/48125588542.jpg,214.0
tiny_images,96/51423171196.jpg,219.0
tiny_images,37/44795855537.jpg,220.0
tiny_images,62/51168487362.jpg,226.0
tiny_images,12/47382842312.jpg,228.0
tiny_images,10/50607223210.jpg,236.0
tiny_images,76/50918603476.jpg,236.0
tiny_images,71/50876480971.jpg,236.0
extreme_aspect,14/49721606514.jpg,7.314285714285714
extreme_aspect,94/45477448694.jpg,6.666666666666667
extreme_aspect,48/46559880548.jpg,6.530612244897959
extreme_aspect,27/48981799127.jpg,6.530612244897959
extreme_aspect,40/49592554940.jpg,5.203252032520325
extreme_aspect,34/46252179134.jpg,5.039370078740157
extreme_aspect,39/51486209039.jpg,5.039370078740157
extreme_aspect,16/52564960216.jpg,4.688644688644689
extreme_aspect,68/51927235668.jpg,4.60431654676259
extreme_aspect,90/44313106890.jpg,4.587813620071684
extreme_aspect,28/46046886628.jpg,4.491228070175438
extreme_aspect,98/52053813798.jpg,4.45993031358885
extreme_aspect,49/51425887149.jpg,4.444444444444445
extreme_aspect,74/51285728874.jpg,4.324324324324325
extreme_aspect,73/44328895973.jpg,4.295302013422819
extreme_aspect,14/50717478114.jpg,4.183006535947713
extreme_aspect,57/44300845557.jpg,4.16597510373444
extreme_aspect,27/51754203327.jpg,4.129032258064516
extreme_aspect,53/50849448153.jpg,4.102564102564102
extreme_aspect,56/51309503056.jpg,4.037854889589905
extreme_aspect,93/43753641093.jpg,3.93125
extreme_aspect,65/44443438465.jpg,3.8905775075987843
extreme_aspect,82/52651123982.jpg,3.867069486404834
extreme_aspect,25/45187579525.jpg,3.867069486404834
extreme_aspect,39/49404637939.jpg,3.855421686746988
extreme_aspect,42/52765732342.jpg,3.843843843843844
extreme_aspect,68/49075806968.jpg,3.843843843843844
extreme_aspect,92/51764349192.jpg,3.843843843843844
extreme_aspect,69/45717980569.jpg,3.798219584569733
extreme_aspect,43/43828904743.jpg,3.7536656891495603
extreme_aspect,42/47393258342.jpg,3.7536656891495603
extreme_aspect,23/47446045923.jpg,3.7317784256559765
extreme_aspect,87/50904808187.jpg,3.710144927536232
extreme_aspect,43/44458702643.jpg,3.7066666666666666
extreme_aspect,14/52041930614.jpg,3.6363636363636362
extreme_aspect,70/44667169870.jpg,3.585434173669468
extreme_aspect,66/44105211766.jpg,3.5754189944134076
extreme_aspect,37/49076288937.jpg,3.5359116022099446
extreme_aspect,28/47961816228.jpg,3.5359116022099446
extreme_aspect,88/47944493888.jpg,3.4877384196185286
darkest,07/51532950707.jpg,0.9995355902777778
darkest,07/43725382907.jpg,0.9994862874348959
darkest,71/52049576471.jpg,0.9991825810185185
darkest,16/52049594816.jpg,0.9991825810185185
darkest,28/38178011228.jpg,0.9991811116536459
darkest,02/52416248602.jpg,0.9989887152777778
darkest,80/45647054880.jpg,0.998973781779661
darkest,46/44880247346.jpg,0.9988271604938271
darkest,19/52884427819.jpg,0.981071063394683
darkest,78/44019897978.jpg,0.9703317901234568
darkest,80/46979953080.jpg,0.9417513167795335
darkest,98/51038324498.jpg,0.9360815229337632
darkest,57/51040146757.jpg,0.9360769435082064
darkest,44/49995355544.jpg,0.9338742398153576
darkest,19/49995345619.jpg,0.933716249633646
darkest,91/51023140891.jpg,0.9336796142291911
darkest,34/49999931734.jpg,0.9336796142291911
darkest,50/50150577750.jpg,0.9335983294255569
darkest,44/49994380444.jpg,0.9335468108880423
darkest,21/49994449621.jpg,0.9334620915152403
darkest,97/49994433197.jpg,0.9334620915152403
darkest,90/49995328690.jpg,0.9334162972596718
darkest,75/50150618575.jpg,0.9333533301582649
darkest,11/49992701711.jpg,0.9332869284876905
darkest,81/49992711181.jpg,0.9332044988276671
darkest,76/49993555576.jpg,0.9330064386723329
darkest,61/49992668361.jpg,0.9323355528282532
darkest,07/49992747507.jpg,0.9321466515240329
darkest,18/51024056618.jpg,0.931993240767878
darkest,44/42796720344.jpg,0.931607349537037
darkest,34/45254275334.jpg,0.9215201822916667
darkest,26/45651707626.jpg,0.8858142361111111
darkest,32/43755631832.jpg,0.8838035081053698
darkest,94/48064264294.jpg,0.8707789491298528
darkest,61/44290449061.jpg,0.8678973765432099
darkest,27/44163899627.jpg,0.8678973765432099
darkest,60/48471482160.jpg,0.8673914930555555
darkest,39/49281197739.jpg,0.8615031828703704
darkest,36/48966474436.jpg,0.8573857223476298
darkest,90/45804608890.jpg,0.8546195209385693
